Nombre Parlante;Nombre Corte;Cantidad;Alto (mm);Ancho (mm)
Edifier 4;Panel Frontal/Trasero;4;172;120
Edifier 4;Sup/Inf (Techo/Piso);4;120;107
Edifier 4;Laterales;4;136;107
Aiyima 65;Panel Frontal/Trasero;4;308;204
Aiyima 65;Sup/Inf (Techo/Piso);4;204;214
Aiyima 65;Laterales;4;272;214
Polk R15;Panel Frontal/Trasero;4;224;152
Polk R15;Sup/Inf (Techo/Piso);4;152;148
Polk R15;Laterales;4;188;148
Polk CSi25;Panel Frontal/Trasero;4;324;214
Polk CSi25;Sup/Inf (Techo/Piso);4;214;226
Polk CSi25;Laterales;4;288;226
